id,title,imageUrl,description,category,sizeCategory,dimensions,inspirationId1,inspirationUrl1,inspirationTitle1,inspirationId2,inspirationUrl2,inspirationTitle2,inspirationId3,inspirationUrl3,inspirationTitle3,inspirationId4,inspirationUrl4,inspirationTitle4,inspirationId5,inspirationUrl5,inspirationTitle5,inspirationId6,inspirationUrl6,inspirationTitle6
1,Perro,https://raw.githubusercontent.com/calmo-brand/calmo-host/main/img/figure/1%20Perro%20A.png|https://raw.githubusercontent.com/calmo-brand/calmo-host/main/img/figure/1%20Perro%20B.png|https://raw.githubusercontent.com/calmo-brand/calmo-host/main/img/figure/1%20Perro%20C.png|https://raw.githubusercontent.com/calmo-brand/calmo-host/main/img/figure/1%20Perro%20D.png,,Animales,mini,14x13x11 cm,1-1,https://raw.githubusercontent.com/calmo-brand/calmo-host/main/img/figure/1%20Perro%201.png,Perro 1,1-2,https://raw.githubusercontent.com/calmo-brand/calmo-host/main/img/figure/1%20Perro%202.png,Perro 2,1-3,https://raw.githubusercontent.com/calmo-brand/calmo-host/main/img/figure/1%20Perro%203.png,Perro 3,1-4,https://raw.githubusercontent.com/calmo-brand/calmo-host/main/img/figure/1%20Perro%204.png,Perro 4,1-5,https://raw.githubusercontent.com/calmo-brand/calmo-host/main/img/figure/1%20Perro%205.png,Perro 5,1-6,https://raw.githubusercontent.com/calmo-brand/calmo-host/main/img/figure/1%20Perro%206.png,Perro 6
2,Conejo,https://raw.githubusercontent.com/calmo-brand/calmo-host/main/img/figure/2%20Conejo%20A.png|https://raw.githubusercontent.com/calmo-brand/calmo-host/main/img/figure/2%20Conejo%20B.png|https://raw.githubusercontent.com/calmo-brand/calmo-host/main/img/figure/2%20Conejo%20C.png|https://raw.githubusercontent.com/calmo-brand/calmo-host/main/img/figure/2%20Conejo%20D.png,,Animales,mini,17x11x13 cm,2-1,https://raw.githubusercontent.com/calmo-brand/calmo-host/main/img/figure/2%20Conejo%201.png,Conejo 1,2-2,https://raw.githubusercontent.com/calmo-brand/calmo-host/main/img/figure/2%20Conejo%202.png,Conejo 2,2-3,https://raw.githubusercontent.com/calmo-brand/calmo-host/main/img/figure/2%20Conejo%203.png,Conejo 3,2-4,https://raw.githubusercontent.com/calmo-brand/calmo-host/main/img/figure/2%20Conejo%204.png,Conejo 4,2-5,https://raw.githubusercontent.com/calmo-brand/calmo-host/main/img/figure/2%20Conejo%205.png,Conejo 5,2-6,https://raw.githubusercontent.com/calmo-brand/calmo-host/main/img/figure/2%20Conejo%206.png,Conejo 6
3,Gato,https://raw.githubusercontent.com/calmo-brand/calmo-host/main/img/figure/3%20Gato%20A.png|https://raw.githubusercontent.com/calmo-brand/calmo-host/main/img/figure/3%20Gato%20B.png|https://raw.githubusercontent.com/calmo-brand/calmo-host/main/img/figure/3%20Gato%20C.png|https://raw.githubusercontent.com/calmo-brand/calmo-host/main/img/figure/3%20Gato%20D.png,,Animales,mini,14x18x11 cm,3-1,https://raw.githubusercontent.com/calmo-brand/calmo-host/main/img/figure/3%20Gato%201.png,Gato 1,3-2,https://raw.githubusercontent.com/calmo-brand/calmo-host/main/img/figure/3%20Gato%202.png,Gato 2,3-3,https://raw.githubusercontent.com/calmo-brand/calmo-host/main/img/figure/3%20Gato%203.png,Gato 3,3-4,https://raw.githubusercontent.com/calmo-brand/calmo-host/main/img/figure/3%20Gato%204.png,Gato 4,3-5,https://raw.githubusercontent.com/calmo-brand/calmo-host/main/img/figure/3%20Gato%205.png,Gato 5,3-6,https://raw.githubusercontent.com/calmo-brand/calmo-host/main/img/figure/3%20Gato%206.png,Gato 6
4,Campanita,https://raw.githubusercontent.com/calmo-brand/calmo-host/main/img/figure/4%20Campanita%20A.png|https://raw.githubusercontent.com/calmo-brand/calmo-host/main/img/figure/4%20Campanita%20B.png|https://raw.githubusercontent.com/calmo-brand/calmo-host/main/img/figure/4%20Campanita%20C.png|https://raw.githubusercontent.com/calmo-brand/calmo-host/main/img/figure/4%20Campanita%20D.png,,Animados,mini,15x13x9 cm,4-1,https://raw.githubusercontent.com/calmo-brand/calmo-host/main/img/figure/4%20Campanita%201.png,Campanita 1,4-2,https://raw.githubusercontent.com/calmo-brand/calmo-host/main/img/figure/4%20Campanita%202.png,Campanita 2,4-3,https://raw.githubusercontent.com/calmo-brand/calmo-host/main/img/figure/4%20Campanita%203.png,Campanita 3,4-4,https://raw.githubusercontent.com/calmo-brand/calmo-host/main/img/figure/4%20Campanita%204.png,Campanita 4,4-5,https://raw.githubusercontent.com/calmo-brand/calmo-host/main/img/figure/4%20Campanita%205.png,Campanita 5,4-6,https://raw.githubusercontent.com/calmo-brand/calmo-host/main/img/figure/4%20Campanita%206.png,Campanita 6
5,Ariel (La Sirenita),https://raw.githubusercontent.com/calmo-brand/calmo-host/main/img/figure/5%20Ariel%20(La%20Sirenita)%20A.png|https://raw.githubusercontent.com/calmo-brand/calmo-host/main/img/figure/5%20Ariel%20(La%20Sirenita)%20B.png|https://raw.githubusercontent.com/calmo-brand/calmo-host/main/img/figure/5%20Ariel%20(La%20Sirenita)%20C.png|https://raw.githubusercontent.com/calmo-brand/calmo-host/main/img/figure/5%20Ariel%20(La%20Sirenita)%20D.png,,Animados,mini,17x11x12 cm,5-1,https://raw.githubusercontent.com/calmo-brand/calmo-host/main/img/figure/5%20Ariel%20(La%20Sirenita)%201.png,Ariel (La Sirenita) 1,5-2,https://raw.githubusercontent.com/calmo-brand/calmo-host/main/img/figure/5%20Ariel%20(La%20Sirenita)%202.png,Ariel (La Sirenita) 2,5-3,https://raw.githubusercontent.com/calmo-brand/calmo-host/main/img/figure/5%20Ariel%20(La%20Sirenita)%203.png,Ariel (La Sirenita) 3,5-4,https://raw.githubusercontent.com/calmo-brand/calmo-host/main/img/figure/5%20Ariel%20(La%20Sirenita)%204.png,Ariel (La Sirenita) 4,5-5,https://raw.githubusercontent.com/calmo-brand/calmo-host/main/img/figure/5%20Ariel%20(La%20Sirenita)%205.png,Ariel (La Sirenita) 5,5-6,https://raw.githubusercontent.com/calmo-brand/calmo-host/main/img/figure/5%20Ariel%20(La%20Sirenita)%206.png,Ariel (La Sirenita) 6
6,Boo (Monsters Inc),https://raw.githubusercontent.com/calmo-brand/calmo-host/main/img/figure/6%20Boo%20(Monsters%20Inc)%20A.png|https://raw.githubusercontent.com/calmo-brand/calmo-host/main/img/figure/6%20Boo%20(Monsters%20Inc)%20B.png|https://raw.githubusercontent.com/calmo-brand/calmo-host/main/img/figure/6%20Boo%20(Monsters%20Inc)%20C.png|https://raw.githubusercontent.com/calmo-brand/calmo-host/main/img/figure/6%20Boo%20(Monsters%20Inc)%20D.png,,Animados,mini,15x11x6 cm,6-1,https://raw.githubusercontent.com/calmo-brand/calmo-host/main/img/figure/6%20Boo%20(Monsters%20Inc)%201.png,"Boo (Monsters, Inc.) 1",6-2,https://raw.githubusercontent.com/calmo-brand/calmo-host/main/img/figure/6%20Boo%20(Monsters%20Inc)%202.png,"Boo (Monsters, Inc.) 2",6-3,https://raw.githubusercontent.com/calmo-brand/calmo-host/main/img/figure/6%20Boo%20(Monsters%20Inc)%203.png,"Boo (Monsters, Inc.) 3",6-4,https://raw.githubusercontent.com/calmo-brand/calmo-host/main/img/figure/6%20Boo%20(Monsters%20Inc)%204.png,"Boo (Monsters, Inc.) 4",6-5,https://raw.githubusercontent.com/calmo-brand/calmo-host/main/img/figure/6%20Boo%20(Monsters%20Inc)%205.png,"Boo (Monsters, Inc.) 5",6-6,https://raw.githubusercontent.com/calmo-brand/calmo-host/main/img/figure/6%20Boo%20(Monsters%20Inc)%206.png,"Boo (Monsters, Inc.) 6"
7,Labubu,https://raw.githubusercontent.com/calmo-brand/calmo-host/main/img/figure/7%20Labubu%20A.png|https://raw.githubusercontent.com/calmo-brand/calmo-host/main/img/figure/7%20Labubu%20B.png|https://raw.githubusercontent.com/calmo-brand/calmo-host/main/img/figure/7%20Labubu%20C.png|https://raw.githubusercontent.com/calmo-brand/calmo-host/main/img/figure/7%20Labubu%20D.png,,Animados,mini,18x10x10 cm,7-1,https://raw.githubusercontent.com/calmo-brand/calmo-host/main/img/figure/7%20Labubu%201.png,Labubu 1,7-2,https://raw.githubusercontent.com/calmo-brand/calmo-host/main/img/figure/7%20Labubu%202.png,Labubu 2,7-3,https://raw.githubusercontent.com/calmo-brand/calmo-host/main/img/figure/7%20Labubu%203.png,Labubu 3,7-4,https://raw.githubusercontent.com/calmo-brand/calmo-host/main/img/figure/7%20Labubu%204.png,Labubu 4,7-5,https://raw.githubusercontent.com/calmo-brand/calmo-host/main/img/figure/7%20Labubu%205.png,Labubu 5,7-6,https://raw.githubusercontent.com/calmo-brand/calmo-host/main/img/figure/7%20Labubu%206.png,Labubu 6
8,Hello Kitty,https://raw.githubusercontent.com/calmo-brand/calmo-host/main/img/figure/8%20Hello%20Kitty%20A.png|https://raw.githubusercontent.com/calmo-brand/calmo-host/main/img/figure/8%20Hello%20Kitty%20B.png|https://raw.githubusercontent.com/calmo-brand/calmo-host/main/img/figure/8%20Hello%20Kitty%20C.png|https://raw.githubusercontent.com/calmo-brand/calmo-host/main/img/figure/8%20Hello%20Kitty%20D.png,,Animados,mini,14x10x8 cm,8-1,https://raw.githubusercontent.com/calmo-brand/calmo-host/main/img/figure/8%20Hello%20Kitty%201.png,Hello Kitty 1,8-2,https://raw.githubusercontent.com/calmo-brand/calmo-host/main/img/figure/8%20Hello%20Kitty%202.png,Hello Kitty 2,8-3,https://raw.githubusercontent.com/calmo-brand/calmo-host/main/img/figure/8%20Hello%20Kitty%203.png,Hello Kitty 3,8-4,https://raw.githubusercontent.com/calmo-brand/calmo-host/main/img/figure/8%20Hello%20Kitty%204.png,Hello Kitty 4,8-5,https://raw.githubusercontent.com/calmo-brand/calmo-host/main/img/figure/8%20Hello%20Kitty%205.png,Hello Kitty 5,8-6,https://raw.githubusercontent.com/calmo-brand/calmo-host/main/img/figure/8%20Hello%20Kitty%206.png,Hello Kitty 6
9,My Melody (Hello Kitty),https://raw.githubusercontent.com/calmo-brand/calmo-host/main/img/figure/9%20My%20Melody%20(Hello%20Kitty)%20A.png|https://raw.githubusercontent.com/calmo-brand/calmo-host/main/img/figure/9%20My%20Melody%20(Hello%20Kitty)%20B.png|https://raw.githubusercontent.com/calmo-brand/calmo-host/main/img/figure/9%20My%20Melody%20(Hello%20Kitty)%20C.png|https://raw.githubusercontent.com/calmo-brand/calmo-host/main/img/figure/9%20My%20Melody%20(Hello%20Kitty)%20D.png,,Animados,mini,17x10x9 cm,9-1,https://raw.githubusercontent.com/calmo-brand/calmo-host/main/img/figure/9%20My%20Melody%20(Hello%20Kitty)%201.png,My Melody (Hello Kitty) 1,9-2,https://raw.githubusercontent.com/calmo-brand/calmo-host/main/img/figure/9%20My%20Melody%20(Hello%20Kitty)%202.png,My Melody (Hello Kitty) 2,9-3,https://raw.githubusercontent.com/calmo-brand/calmo-host/main/img/figure/9%20My%20Melody%20(Hello%20Kitty)%203.png,My Melody (Hello Kitty) 3,9-4,https://raw.githubusercontent.com/calmo-brand/calmo-host/main/img/figure/9%20My%20Melody%20(Hello%20Kitty)%204.png,My Melody (Hello Kitty) 4,9-5,https://raw.githubusercontent.com/calmo-brand/calmo-host/main/img/figure/9%20My%20Melody%20(Hello%20Kitty)%205.png,My Melody (Hello Kitty) 5,9-6,https://raw.githubusercontent.com/calmo-brand/calmo-host/main/img/figure/9%20My%20Melody%20(Hello%20Kitty)%206.png,My Melody (Hello Kitty) 6
10,Baby Yoda (Star Wars),https://raw.githubusercontent.com/calmo-brand/calmo-host/main/img/figure/10%20Baby%20Yoda%20(Star%20Wars)%20A.png|https://raw.githubusercontent.com/calmo-brand/calmo-host/main/img/figure/10%20Baby%20Yoda%20(Star%20Wars)%20B.png|https://raw.githubusercontent.com/calmo-brand/calmo-host/main/img/figure/10%20Baby%20Yoda%20(Star%20Wars)%20C.png|https://raw.githubusercontent.com/calmo-brand/calmo-host/main/img/figure/10%20Baby%20Yoda%20(Star%20Wars)%20D.png,,Animados,mini,17x11x11 cm,10-1,https://raw.githubusercontent.com/calmo-brand/calmo-host/main/img/figure/10%20Baby%20Yoda%20(Star%20Wars)%201.png,Baby Yoda (Star Wars) 1,10-2,https://raw.githubusercontent.com/calmo-brand/calmo-host/main/img/figure/10%20Baby%20Yoda%20(Star%20Wars)%202.png,Baby Yoda (Star Wars) 2,10-3,https://raw.githubusercontent.com/calmo-brand/calmo-host/main/img/figure/10%20Baby%20Yoda%20(Star%20Wars)%203.png,Baby Yoda (Star Wars) 3,10-4,https://raw.githubusercontent.com/calmo-brand/calmo-host/main/img/figure/10%20Baby%20Yoda%20(Star%20Wars)%204.png,Baby Yoda (Star Wars) 4,10-5,https://raw.githubusercontent.com/calmo-brand/calmo-host/main/img/figure/10%20Baby%20Yoda%20(Star%20Wars)%205.png,Baby Yoda (Star Wars) 5,10-6,https://raw.githubusercontent.com/calmo-brand/calmo-host/main/img/figure/10%20Baby%20Yoda%20(Star%20Wars)%206.png,Baby Yoda (Star Wars) 6
11,Groot (Guardianes de la Galaxia),https://raw.githubusercontent.com/calmo-brand/calmo-host/main/img/figure/11%20Groot%20(Guardianes%20de%20la%20Galaxia)%20A.png|https://raw.githubusercontent.com/calmo-brand/calmo-host/main/img/figure/11%20Groot%20(Guardianes%20de%20la%20Galaxia)%20B.png|https://raw.githubusercontent.com/calmo-brand/calmo-host/main/img/figure/11%20Groot%20(Guardianes%20de%20la%20Galaxia)%20C.png|https://raw.githubusercontent.com/calmo-brand/calmo-host/main/img/figure/11%20Groot%20(Guardianes%20de%20la%20Galaxia)%20D.png,,Animados,mini,14x7x9 cm,11-1,https://raw.githubusercontent.com/calmo-brand/calmo-host/main/img/figure/11%20Groot%20(Guardianes%20de%20la%20Galaxia)%201.png,Groot (Guardianes de la Galaxia) 1,11-2,https://raw.githubusercontent.com/calmo-brand/calmo-host/main/img/figure/11%20Groot%20(Guardianes%20de%20la%20Galaxia)%202.png,Groot (Guardianes de la Galaxia) 2,11-3,https://raw.githubusercontent.com/calmo-brand/calmo-host/main/img/figure/11%20Groot%20(Guardianes%20de%20la%20Galaxia)%203.png,Groot (Guardianes de la Galaxia) 3,11-4,https://raw.githubusercontent.com/calmo-brand/calmo-host/main/img/figure/11%20Groot%20(Guardianes%20de%20la%20Galaxia)%204.png,Groot (Guardianes de la Galaxia) 4,11-5,https://raw.githubusercontent.com/calmo-brand/calmo-host/main/img/figure/11%20Groot%20(Guardianes%20de%20la%20Galaxia)%205.png,Groot (Guardianes de la Galaxia) 5,11-6,https://raw.githubusercontent.com/calmo-brand/calmo-host/main/img/figure/11%20Groot%20(Guardianes%20de%20la%20Galaxia)%206.png,Groot (Guardianes de la Galaxia) 6
12,Astronauta,https://raw.githubusercontent.com/calmo-brand/calmo-host/main/img/figure/12%20Astronauta%20A.png|https://raw.githubusercontent.com/calmo-brand/calmo-host/main/img/figure/12%20Astronauta%20B.png|https://raw.githubusercontent.com/calmo-brand/calmo-host/main/img/figure/12%20Astronauta%20C.png|https://raw.githubusercontent.com/calmo-brand/calmo-host/main/img/figure/12%20Astronauta%20D.png,,Astronauta,mini,18x13x10cm,12-1,https://raw.githubusercontent.com/calmo-brand/calmo-host/main/img/figure/12%20Astronauta%201.png,Astronauta 1,12-2,https://raw.githubusercontent.com/calmo-brand/calmo-host/main/img/figure/12%20Astronauta%202.png,Astronauta 2,12-3,https://raw.githubusercontent.com/calmo-brand/calmo-host/main/img/figure/12%20Astronauta%203.png,Astronauta 3,12-4,https://raw.githubusercontent.com/calmo-brand/calmo-host/main/img/figure/12%20Astronauta%204.png,Astronauta 4,12-5,https://raw.githubusercontent.com/calmo-brand/calmo-host/main/img/figure/12%20Astronauta%205.png,Astronauta 5,12-6,https://raw.githubusercontent.com/calmo-brand/calmo-host/main/img/figure/12%20Astronauta%206.png,Astronauta 6
13,Mario,https://raw.githubusercontent.com/calmo-brand/calmo-host/main/img/figure/13%20Mario%20A.png|https://raw.githubusercontent.com/calmo-brand/calmo-host/main/img/figure/13%20Mario%20B.png|https://raw.githubusercontent.com/calmo-brand/calmo-host/main/img/figure/13%20Mario%20C.png|https://raw.githubusercontent.com/calmo-brand/calmo-host/main/img/figure/13%20Mario%20D.png,,Animados,mini,15x10x10cm,13-1,https://raw.githubusercontent.com/calmo-brand/calmo-host/main/img/figure/13%20Mario%201.png,Mario 1,13-2,https://raw.githubusercontent.com/calmo-brand/calmo-host/main/img/figure/13%20Mario%202.png,Mario 2,13-3,https://raw.githubusercontent.com/calmo-brand/calmo-host/main/img/figure/13%20Mario%203.png,Mario 3,13-4,https://raw.githubusercontent.com/calmo-brand/calmo-host/main/img/figure/13%20Mario%204.png,Mario 4,13-5,https://raw.githubusercontent.com/calmo-brand/calmo-host/main/img/figure/13%20Mario%205.png,Mario 5,13-6,https://raw.githubusercontent.com/calmo-brand/calmo-host/main/img/figure/13%20Mario%206.png,Mario 6
14,Yoshi,https://raw.githubusercontent.com/calmo-brand/calmo-host/main/img/figure/14%20Yoshi%20A.png|https://raw.githubusercontent.com/calmo-brand/calmo-host/main/img/figure/14%20Yoshi%20B.png|https://raw.githubusercontent.com/calmo-brand/calmo-host/main/img/figure/14%20Yoshi%20C.png|https://raw.githubusercontent.com/calmo-brand/calmo-host/main/img/figure/14%20Yoshi%20D.png,,Animados,mini,15x10x10cm,14-1,https://raw.githubusercontent.com/calmo-brand/calmo-host/main/img/figure/14%20Yoshi%201.png,Yoshi 1,14-2,https://raw.githubusercontent.com/calmo-brand/calmo-host/main/img/figure/14%20Yoshi%202.png,Yoshi 2,14-3,https://raw.githubusercontent.com/calmo-brand/calmo-host/main/img/figure/14%20Yoshi%203.png,Yoshi 3,14-4,https://raw.githubusercontent.com/calmo-brand/calmo-host/main/img/figure/14%20Yoshi%204.png,Yoshi 4,14-5,https://raw.githubusercontent.com/calmo-brand/calmo-host/main/img/figure/14%20Yoshi%205.png,Yoshi 5,14-6,https://raw.githubusercontent.com/calmo-brand/calmo-host/main/img/figure/14%20Yoshi%206.png,Yoshi 6
15,Gokú Niño,https://raw.githubusercontent.com/calmo-brand/calmo-host/main/img/figure/15%20Goku%20Nino%20A.png|https://raw.githubusercontent.com/calmo-brand/calmo-host/main/img/figure/15%20Goku%20Nino%20B.png|https://raw.githubusercontent.com/calmo-brand/calmo-host/main/img/figure/15%20Goku%20Nino%20C.png|https://raw.githubusercontent.com/calmo-brand/calmo-host/main/img/figure/15%20Goku%20Nino%20D.png,,Animados,mini,17x10x8cm,15-1,https://raw.githubusercontent.com/calmo-brand/calmo-host/main/img/figure/15%20Goku%20Nino%201.png,Gokú Niño 1,15-2,https://raw.githubusercontent.com/calmo-brand/calmo-host/main/img/figure/15%20Goku%20Nino%202.png,Gokú Niño 2,15-3,https://raw.githubusercontent.com/calmo-brand/calmo-host/main/img/figure/15%20Goku%20Nino%203.png,Gokú Niño 3,15-4,https://raw.githubusercontent.com/calmo-brand/calmo-host/main/img/figure/15%20Goku%20Nino%204.png,Gokú Niño 4,15-5,https://raw.githubusercontent.com/calmo-brand/calmo-host/main/img/figure/15%20Goku%20Nino%205.png,Gokú Niño 5,15-6,https://raw.githubusercontent.com/calmo-brand/calmo-host/main/img/figure/15%20Goku%20Nino%206.png,Gokú Niño 6
16,Buda Hindú,https://raw.githubusercontent.com/calmo-brand/calmo-host/main/img/figure/16%20Buda%20Hindu%20A.png|https://raw.githubusercontent.com/calmo-brand/calmo-host/main/img/figure/16%20Buda%20Hindu%20B.png|https://raw.githubusercontent.com/calmo-brand/calmo-host/main/img/figure/16%20Buda%20Hindu%20C.png|https://raw.githubusercontent.com/calmo-brand/calmo-host/main/img/figure/16%20Buda%20Hindu%20D.png,,Religioso,medio,20x11x9cm,16-1,https://raw.githubusercontent.com/calmo-brand/calmo-host/main/img/figure/16%20Buda%20Hindu%201.png,Buda Hindú 1,16-2,https://raw.githubusercontent.com/calmo-brand/calmo-host/main/img/figure/16%20Buda%20Hindu%202.png,Buda Hindú 2,16-3,https://raw.githubusercontent.com/calmo-brand/calmo-host/main/img/figure/16%20Buda%20Hindu%203.png,Buda Hindú 3,16-4,https://raw.githubusercontent.com/calmo-brand/calmo-host/main/img/figure/16%20Buda%20Hindu%204.png,Buda Hindú 4,16-5,https://raw.githubusercontent.com/calmo-brand/calmo-host/main/img/figure/16%20Buda%20Hindu%205.png,Buda Hindú 5,16-6,https://raw.githubusercontent.com/calmo-brand/calmo-host/main/img/figure/16%20Buda%20Hindu%206.png,Buda Hindú 6
17,Virgen de Guadalupe,https://raw.githubusercontent.com/calmo-brand/calmo-host/main/img/figure/17%20Virgen%20de%20Guadalupe%20A.png|https://raw.githubusercontent.com/calmo-brand/calmo-host/main/img/figure/17%20Virgen%20de%20Guadalupe%20B.png|https://raw.githubusercontent.com/calmo-brand/calmo-host/main/img/figure/17%20Virgen%20de%20Guadalupe%20C.png|https://raw.githubusercontent.com/calmo-brand/calmo-host/main/img/figure/17%20Virgen%20de%20Guadalupe%20D.png,,Religioso,medio,22x10x8cm,17-1,https://raw.githubusercontent.com/calmo-brand/calmo-host/main/img/figure/17%20Virgen%20de%20Guadalupe%201.png,Virgen de Guadalupe 1,17-2,https://raw.githubusercontent.com/calmo-brand/calmo-host/main/img/figure/17%20Virgen%20de%20Guadalupe%202.png,Virgen de Guadalupe 2,17-3,https://raw.githubusercontent.com/calmo-brand/calmo-host/main/img/figure/17%20Virgen%20de%20Guadalupe%203.png,Virgen de Guadalupe 3,17-4,https://raw.githubusercontent.com/calmo-brand/calmo-host/main/img/figure/17%20Virgen%20de%20Guadalupe%204.png,Virgen de Guadalupe 4,17-5,https://raw.githubusercontent.com/calmo-brand/calmo-host/main/img/figure/17%20Virgen%20de%20Guadalupe%205.png,Virgen de Guadalupe 5,17-6,https://raw.githubusercontent.com/calmo-brand/calmo-host/main/img/figure/17%20Virgen%20de%20Guadalupe%206.png,Virgen de Guadalupe 6
18,Divino Niño,https://raw.githubusercontent.com/calmo-brand/calmo-host/main/img/figure/18%20Divino%20Nino%20A.png|https://raw.githubusercontent.com/calmo-brand/calmo-host/main/img/figure/18%20Divino%20Nino%20B.png|https://raw.githubusercontent.com/calmo-brand/calmo-host/main/img/figure/18%20Divino%20Nino%20C.png|https://raw.githubusercontent.com/calmo-brand/calmo-host/main/img/figure/18%20Divino%20Nino%20D.png,,Religioso,medio,21x6x6cm,18-1,https://raw.githubusercontent.com/calmo-brand/calmo-host/main/img/figure/18%20Divino%20Nino%201.png,Divino Niño 1,18-2,https://raw.githubusercontent.com/calmo-brand/calmo-host/main/img/figure/18%20Divino%20Nino%202.png,Divino Niño 2,18-3,https://raw.githubusercontent.com/calmo-brand/calmo-host/main/img/figure/18%20Divino%20Nino%203.png,Divino Niño 3,18-4,https://raw.githubusercontent.com/calmo-brand/calmo-host/main/img/figure/18%20Divino%20Nino%204.png,Divino Niño 4,18-5,https://raw.githubusercontent.com/calmo-brand/calmo-host/main/img/figure/18%20Divino%20Nino%205.png,Divino Niño 5,18-6,https://raw.githubusercontent.com/calmo-brand/calmo-host/main/img/figure/18%20Divino%20Nino%206.png,Divino Niño 6
19,Kaws,https://raw.githubusercontent.com/calmo-brand/calmo-host/main/img/figure/19%20Kaws%20A.png|https://raw.githubusercontent.com/calmo-brand/calmo-host/main/img/figure/19%20Kaws%20B.png|https://raw.githubusercontent.com/calmo-brand/calmo-host/main/img/figure/19%20Kaws%20C.png|https://raw.githubusercontent.com/calmo-brand/calmo-host/main/img/figure/19%20Kaws%20D.png,,Animados,medio,25x12x7cm,19-1,https://raw.githubusercontent.com/calmo-brand/calmo-host/main/img/figure/19%20Kaws%201.png,Kaws 1,19-2,https://raw.githubusercontent.com/calmo-brand/calmo-host/main/img/figure/19%20Kaws%202.png,Kaws 2,19-3,https://raw.githubusercontent.com/calmo-brand/calmo-host/main/img/figure/19%20Kaws%203.png,Kaws 3,19-4,https://raw.githubusercontent.com/calmo-brand/calmo-host/main/img/figure/19%20Kaws%204.png,Kaws 4,19-5,https://raw.githubusercontent.com/calmo-brand/calmo-host/main/img/figure/19%20Kaws%205.png,Kaws 5,19-6,https://raw.githubusercontent.com/calmo-brand/calmo-host/main/img/figure/19%20Kaws%206.png,Kaws 6
20,Bob Esponja esqueleto,https://raw.githubusercontent.com/calmo-brand/calmo-host/main/img/figure/20%20Bob%20Esponja%20esqueleto%20A.png|https://raw.githubusercontent.com/calmo-brand/calmo-host/main/img/figure/20%20Bob%20Esponja%20esqueleto%20B.png|https://raw.githubusercontent.com/calmo-brand/calmo-host/main/img/figure/20%20Bob%20Esponja%20esqueleto%20C.png|https://raw.githubusercontent.com/calmo-brand/calmo-host/main/img/figure/20%20Bob%20Esponja%20esqueleto%20D.png,,Animados,medio,20x15x8cm,20-1,https://raw.githubusercontent.com/calmo-brand/calmo-host/main/img/figure/20%20Bob%20Esponja%20esqueleto%201.png,Bob Esponja esqueleto 1,20-2,https://raw.githubusercontent.com/calmo-brand/calmo-host/main/img/figure/20%20Bob%20Esponja%20esqueleto%202.png,Bob Esponja esqueleto 2,20-3,https://raw.githubusercontent.com/calmo-brand/calmo-host/main/img/figure/20%20Bob%20Esponja%20esqueleto%203.png,Bob Esponja esqueleto 3,20-4,https://raw.githubusercontent.com/calmo-brand/calmo-host/main/img/figure/20%20Bob%20Esponja%20esqueleto%204.png,Bob Esponja esqueleto 4,20-5,https://raw.githubusercontent.com/calmo-brand/calmo-host/main/img/figure/20%20Bob%20Esponja%20esqueleto%205.png,Bob Esponja esqueleto 5,20-6,https://raw.githubusercontent.com/calmo-brand/calmo-host/main/img/figure/20%20Bob%20Esponja%20esqueleto%206.png,Bob Esponja esqueleto 6
21,Stormtrooper (Star Wars),https://raw.githubusercontent.com/calmo-brand/calmo-host/main/img/figure/21%20Stormtrooper%20(Star%20Wars)%20A.png|https://raw.githubusercontent.com/calmo-brand/calmo-host/main/img/figure/21%20Stormtrooper%20(Star%20Wars)%20B.png|https://raw.githubusercontent.com/calmo-brand/calmo-host/main/img/figure/21%20Stormtrooper%20(Star%20Wars)%20C.png|https://raw.githubusercontent.com/calmo-brand/calmo-host/main/img/figure/21%20Stormtrooper%20(Star%20Wars)%20D.png,,Animados,medio,24x10x10cm,21-1,https://raw.githubusercontent.com/calmo-brand/calmo-host/main/img/figure/21%20Stormtrooper%20(Star%20Wars)%201.png,Stormtrooper (Star Wars) 1,21-2,https://raw.githubusercontent.com/calmo-brand/calmo-host/main/img/figure/21%20Stormtrooper%20(Star%20Wars)%202.png,Stormtrooper (Star Wars) 2,21-3,https://raw.githubusercontent.com/calmo-brand/calmo-host/main/img/figure/21%20Stormtrooper%20(Star%20Wars)%203.png,Stormtrooper (Star Wars) 3,21-4,https://raw.githubusercontent.com/calmo-brand/calmo-host/main/img/figure/21%20Stormtrooper%20(Star%20Wars)%204.png,Stormtrooper (Star Wars) 4,21-5,https://raw.githubusercontent.com/calmo-brand/calmo-host/main/img/figure/21%20Stormtrooper%20(Star%20Wars)%205.png,Stormtrooper (Star Wars) 5,21-6,https://raw.githubusercontent.com/calmo-brand/calmo-host/main/img/figure/21%20Stormtrooper%20(Star%20Wars)%206.png,Stormtrooper (Star Wars) 6
22,Groot (Guardianes de la Galaxia),https://raw.githubusercontent.com/calmo-brand/calmo-host/main/img/figure/22%20Groot%20(Guardianes%20de%20la%20Galaxia)%20A.png|https://raw.githubusercontent.com/calmo-brand/calmo-host/main/img/figure/22%20Groot%20(Guardianes%20de%20la%20Galaxia)%20B.png|https://raw.githubusercontent.com/calmo-brand/calmo-host/main/img/figure/22%20Groot%20(Guardianes%20de%20la%20Galaxia)%20C.png|https://raw.githubusercontent.com/calmo-brand/calmo-host/main/img/figure/22%20Groot%20(Guardianes%20de%20la%20Galaxia)%20D.png,,Animados,medio,24x13x10cm,22-1,https://raw.githubusercontent.com/calmo-brand/calmo-host/main/img/figure/22%20Groot%20(Guardianes%20de%20la%20Galaxia)%201.png,Groot (Guardianes de la Galaxia) 1,22-2,https://raw.githubusercontent.com/calmo-brand/calmo-host/main/img/figure/22%20Groot%20(Guardianes%20de%20la%20Galaxia)%202.png,Groot (Guardianes de la Galaxia) 2,22-3,https://raw.githubusercontent.com/calmo-brand/calmo-host/main/img/figure/22%20Groot%20(Guardianes%20de%20la%20Galaxia)%203.png,Groot (Guardianes de la Galaxia) 3,22-4,https://raw.githubusercontent.com/calmo-brand/calmo-host/main/img/figure/22%20Groot%20(Guardianes%20de%20la%20Galaxia)%204.png,Groot (Guardianes de la Galaxia) 4,22-5,https://raw.githubusercontent.com/calmo-brand/calmo-host/main/img/figure/22%20Groot%20(Guardianes%20de%20la%20Galaxia)%205.png,Groot (Guardianes de la Galaxia) 5,22-6,https://raw.githubusercontent.com/calmo-brand/calmo-host/main/img/figure/22%20Groot%20(Guardianes%20de%20la%20Galaxia)%206.png,Groot (Guardianes de la Galaxia) 6
23,Garfield,https://raw.githubusercontent.com/calmo-brand/calmo-host/main/img/figure/23%20Garfield%20A.png|https://raw.githubusercontent.com/calmo-brand/calmo-host/main/img/figure/23%20Garfield%20B.png|https://raw.githubusercontent.com/calmo-brand/calmo-host/main/img/figure/23%20Garfield%20C.png|https://raw.githubusercontent.com/calmo-brand/calmo-host/main/img/figure/23%20Garfield%20D.png,,Animados,medio,25x15x11cm,23-1,https://raw.githubusercontent.com/calmo-brand/calmo-host/main/img/figure/23%20Garfield%201.png,Garfield 1,23-2,https://raw.githubusercontent.com/calmo-brand/calmo-host/main/img/figure/23%20Garfield%202.png,Garfield 2,23-3,https://raw.githubusercontent.com/calmo-brand/calmo-host/main/img/figure/23%20Garfield%203.png,Garfield 3,23-4,https://raw.githubusercontent.com/calmo-brand/calmo-host/main/img/figure/23%20Garfield%204.png,Garfield 4,23-5,https://raw.githubusercontent.com/calmo-brand/calmo-host/main/img/figure/23%20Garfield%205.png,Garfield 5,23-6,https://raw.githubusercontent.com/calmo-brand/calmo-host/main/img/figure/23%20Garfield%206.png,Garfield 6
24,Luigi,https://raw.githubusercontent.com/calmo-brand/calmo-host/main/img/figure/24%20Luigi%20A.png|https://raw.githubusercontent.com/calmo-brand/calmo-host/main/img/figure/24%20Luigi%20B.png|https://raw.githubusercontent.com/calmo-brand/calmo-host/main/img/figure/24%20Luigi%20C.png|https://raw.githubusercontent.com/calmo-brand/calmo-host/main/img/figure/24%20Luigi%20D.png,,Animados,medio,25x10x7cm,24-1,https://raw.githubusercontent.com/calmo-brand/calmo-host/main/img/figure/24%20Luigi%201.png,Luigi 1,24-2,https://raw.githubusercontent.com/calmo-brand/calmo-host/main/img/figure/24%20Luigi%202.png,Luigi 2,24-3,https://raw.githubusercontent.com/calmo-brand/calmo-host/main/img/figure/24%20Luigi%203.png,Luigi 3,24-4,https://raw.githubusercontent.com/calmo-brand/calmo-host/main/img/figure/24%20Luigi%204.png,Luigi 4,24-5,https://raw.githubusercontent.com/calmo-brand/calmo-host/main/img/figure/24%20Luigi%205.png,Luigi 5,24-6,https://raw.githubusercontent.com/calmo-brand/calmo-host/main/img/figure/24%20Luigi%206.png,Luigi 6
25,Tío Rico,https://raw.githubusercontent.com/calmo-brand/calmo-host/main/img/figure/25%20Tio%20Rico%20A.png|https://raw.githubusercontent.com/calmo-brand/calmo-host/main/img/figure/25%20Tio%20Rico%20B.png|https://raw.githubusercontent.com/calmo-brand/calmo-host/main/img/figure/25%20Tio%20Rico%20C.png|https://raw.githubusercontent.com/calmo-brand/calmo-host/main/img/figure/25%20Tio%20Rico%20D.png,,Animados,medio,23x14x13cm,25-1,https://raw.githubusercontent.com/calmo-brand/calmo-host/main/img/figure/25%20Tio%20Rico%201.png,Tío Rico 1,25-2,https://raw.githubusercontent.com/calmo-brand/calmo-host/main/img/figure/25%20Tio%20Rico%202.png,Tío Rico 2,25-3,https://raw.githubusercontent.com/calmo-brand/calmo-host/main/img/figure/25%20Tio%20Rico%203.png,Tío Rico 3,25-4,https://raw.githubusercontent.com/calmo-brand/calmo-host/main/img/figure/25%20Tio%20Rico%204.png,Tío Rico 4,25-5,https://raw.githubusercontent.com/calmo-brand/calmo-host/main/img/figure/25%20Tio%20Rico%205.png,Tío Rico 5,25-6,https://raw.githubusercontent.com/calmo-brand/calmo-host/main/img/figure/25%20Tio%20Rico%206.png,Tío Rico 6
26,Astronauta sentado,https://raw.githubusercontent.com/calmo-brand/calmo-host/main/img/figure/26%20Astronauta%20sentado%20A.png|https://raw.githubusercontent.com/calmo-brand/calmo-host/main/img/figure/26%20Astronauta%20sentado%20B.png|https://raw.githubusercontent.com/calmo-brand/calmo-host/main/img/figure/26%20Astronauta%20sentado%20C.png|https://raw.githubusercontent.com/calmo-brand/calmo-host/main/img/figure/26%20Astronauta%20sentado%20D.png,,Astronauta,medio,21x12x14cm,26-1,https://raw.githubusercontent.com/calmo-brand/calmo-host/main/img/figure/26%20Astronauta%20sentado%201.png,Astronauta sentado 1,26-2,https://raw.githubusercontent.com/calmo-brand/calmo-host/main/img/figure/26%20Astronauta%20sentado%202.png,Astronauta sentado 2,26-3,https://raw.githubusercontent.com/calmo-brand/calmo-host/main/img/figure/26%20Astronauta%20sentado%203.png,Astronauta sentado 3,26-4,https://raw.githubusercontent.com/calmo-brand/calmo-host/main/img/figure/26%20Astronauta%20sentado%204.png,Astronauta sentado 4,26-5,https://raw.githubusercontent.com/calmo-brand/calmo-host/main/img/figure/26%20Astronauta%20sentado%205.png,Astronauta sentado 5,26-6,https://raw.githubusercontent.com/calmo-brand/calmo-host/main/img/figure/26%20Astronauta%20sentado%206.png,Astronauta sentado 6
27,Astronauta caminando,https://raw.githubusercontent.com/calmo-brand/calmo-host/main/img/figure/27%20Astronauta%20caminando%20A.png|https://raw.githubusercontent.com/calmo-brand/calmo-host/main/img/figure/27%20Astronauta%20caminando%20B.png|https://raw.githubusercontent.com/calmo-brand/calmo-host/main/img/figure/27%20Astronauta%20caminando%20C.png|https://raw.githubusercontent.com/calmo-brand/calmo-host/main/img/figure/27%20Astronauta%20caminando%20D.png,,Astronauta,medio,20x12x10cm,27-1,https://raw.githubusercontent.com/calmo-brand/calmo-host/main/img/figure/27%20Astronauta%20caminando%201.png,Astronauta caminando 1,27-2,https://raw.githubusercontent.com/calmo-brand/calmo-host/main/img/figure/27%20Astronauta%20caminando%202.png,Astronauta caminando 2,27-3,https://raw.githubusercontent.com/calmo-brand/calmo-host/main/img/figure/27%20Astronauta%20caminando%203.png,Astronauta caminando 3,27-4,https://raw.githubusercontent.com/calmo-brand/calmo-host/main/img/figure/27%20Astronauta%20caminando%204.png,Astronauta caminando 4,27-5,https://raw.githubusercontent.com/calmo-brand/calmo-host/main/img/figure/27%20Astronauta%20caminando%205.png,Astronauta caminando 5,27-6,https://raw.githubusercontent.com/calmo-brand/calmo-host/main/img/figure/27%20Astronauta%20caminando%206.png,Astronauta caminando 6
28,Astronauta planetas,https://raw.githubusercontent.com/calmo-brand/calmo-host/main/img/figure/28%20Astronauta%20planetas%20A.png|https://raw.githubusercontent.com/calmo-brand/calmo-host/main/img/figure/28%20Astronauta%20planetas%20B.png|https://raw.githubusercontent.com/calmo-brand/calmo-host/main/img/figure/28%20Astronauta%20planetas%20C.png|https://raw.githubusercontent.com/calmo-brand/calmo-host/main/img/figure/28%20Astronauta%20planetas%20D.png,,Astronauta,medio,25x11x10cm,28-1,https://raw.githubusercontent.com/calmo-brand/calmo-host/main/img/figure/28%20Astronauta%20planetas%201.png,Astronauta planetas 1,28-2,https://raw.githubusercontent.com/calmo-brand/calmo-host/main/img/figure/28%20Astronauta%20planetas%202.png,Astronauta planetas 2,28-3,https://raw.githubusercontent.com/calmo-brand/calmo-host/main/img/figure/28%20Astronauta%20planetas%203.png,Astronauta planetas 3,28-4,https://raw.githubusercontent.com/calmo-brand/calmo-host/main/img/figure/28%20Astronauta%20planetas%204.png,Astronauta planetas 4,28-5,https://raw.githubusercontent.com/calmo-brand/calmo-host/main/img/figure/28%20Astronauta%20planetas%205.png,Astronauta planetas 5,28-6,https://raw.githubusercontent.com/calmo-brand/calmo-host/main/img/figure/28%20Astronauta%20planetas%206.png,Astronauta planetas 6
29,León,https://raw.githubusercontent.com/calmo-brand/calmo-host/main/img/figure/29%20Leon%20A.png|https://raw.githubusercontent.com/calmo-brand/calmo-host/main/img/figure/29%20Leon%20B.png|https://raw.githubusercontent.com/calmo-brand/calmo-host/main/img/figure/29%20Leon%20C.png|https://raw.githubusercontent.com/calmo-brand/calmo-host/main/img/figure/29%20Leon%20D.png,,Animales,medio,20x9x11cm,29-1,https://raw.githubusercontent.com/calmo-brand/calmo-host/main/img/figure/29%20Leon%201.png,León 1,29-2,https://raw.githubusercontent.com/calmo-brand/calmo-host/main/img/figure/29%20Leon%202.png,León 2,29-3,https://raw.githubusercontent.com/calmo-brand/calmo-host/main/img/figure/29%20Leon%203.png,León 3,29-4,https://raw.githubusercontent.com/calmo-brand/calmo-host/main/img/figure/29%20Leon%204.png,León 4,29-5,https://raw.githubusercontent.com/calmo-brand/calmo-host/main/img/figure/29%20Leon%205.png,León 5,29-6,https://raw.githubusercontent.com/calmo-brand/calmo-host/main/img/figure/29%20Leon%206.png,León 6
30,Dinosaurio ejecutivo,https://raw.githubusercontent.com/calmo-brand/calmo-host/main/img/figure/30%20Dinosaurio%20ejecutivo%20A.png|https://raw.githubusercontent.com/calmo-brand/calmo-host/main/img/figure/30%20Dinosaurio%20ejecutivo%20B.png|https://raw.githubusercontent.com/calmo-brand/calmo-host/main/img/figure/30%20Dinosaurio%20ejecutivo%20C.png|https://raw.githubusercontent.com/calmo-brand/calmo-host/main/img/figure/30%20Dinosaurio%20ejecutivo%20D.png,,Animales,medio,17x13x14cm,30-1,https://raw.githubusercontent.com/calmo-brand/calmo-host/main/img/figure/30%20Dinosaurio%20ejecutivo%201.png,Dinosaurio ejecutivo 1,30-2,https://raw.githubusercontent.com/calmo-brand/calmo-host/main/img/figure/30%20Dinosaurio%20ejecutivo%202.png,Dinosaurio ejecutivo 2,30-3,https://raw.githubusercontent.com/calmo-brand/calmo-host/main/img/figure/30%20Dinosaurio%20ejecutivo%203.png,Dinosaurio ejecutivo 3,30-4,https://raw.githubusercontent.com/calmo-brand/calmo-host/main/img/figure/30%20Dinosaurio%20ejecutivo%204.png,Dinosaurio ejecutivo 4,30-5,https://raw.githubusercontent.com/calmo-brand/calmo-host/main/img/figure/30%20Dinosaurio%20ejecutivo%205.png,Dinosaurio ejecutivo 5,30-6,https://raw.githubusercontent.com/calmo-brand/calmo-host/main/img/figure/30%20Dinosaurio%20ejecutivo%206.png,Dinosaurio ejecutivo 6
31,Elefantes,https://raw.githubusercontent.com/calmo-brand/calmo-host/main/img/figure/31%20Elefantes%20A.png|https://raw.githubusercontent.com/calmo-brand/calmo-host/main/img/figure/31%20Elefantes%20B.png|https://raw.githubusercontent.com/calmo-brand/calmo-host/main/img/figure/31%20Elefantes%20C.png|https://raw.githubusercontent.com/calmo-brand/calmo-host/main/img/figure/31%20Elefantes%20D.png,,Animales,medio,20x21x10cm,31-1,https://raw.githubusercontent.com/calmo-brand/calmo-host/main/img/figure/31%20Elefantes%201.png,Elefantes 1,31-2,https://raw.githubusercontent.com/calmo-brand/calmo-host/main/img/figure/31%20Elefantes%202.png,Elefantes 2,31-3,https://raw.githubusercontent.com/calmo-brand/calmo-host/main/img/figure/31%20Elefantes%203.png,Elefantes 3,31-4,https://raw.githubusercontent.com/calmo-brand/calmo-host/main/img/figure/31%20Elefantes%204.png,Elefantes 4,31-5,https://raw.githubusercontent.com/calmo-brand/calmo-host/main/img/figure/31%20Elefantes%205.png,Elefantes 5,31-6,https://raw.githubusercontent.com/calmo-brand/calmo-host/main/img/figure/31%20Elefantes%206.png,Elefantes 6
32,Gato con flores,https://raw.githubusercontent.com/calmo-brand/calmo-host/main/img/figure/32%20Gato%20con%20flores%20A.png|https://raw.githubusercontent.com/calmo-brand/calmo-host/main/img/figure/32%20Gato%20con%20flores%20B.png|https://raw.githubusercontent.com/calmo-brand/calmo-host/main/img/figure/32%20Gato%20con%20flores%20C.png|https://raw.githubusercontent.com/calmo-brand/calmo-host/main/img/figure/32%20Gato%20con%20flores%20D.png,,Animales,medio,24x23x9cm,32-1,https://raw.githubusercontent.com/calmo-brand/calmo-host/main/img/figure/32%20Gato%20con%20flores%201.png,Gato con flores 1,32-2,https://raw.githubusercontent.com/calmo-brand/calmo-host/main/img/figure/32%20Gato%20con%20flores%202.png,Gato con flores 2,32-3,https://raw.githubusercontent.com/calmo-brand/calmo-host/main/img/figure/32%20Gato%20con%20flores%203.png,Gato con flores 3,32-4,https://raw.githubusercontent.com/calmo-brand/calmo-host/main/img/figure/32%20Gato%20con%20flores%204.png,Gato con flores 4,32-5,https://raw.githubusercontent.com/calmo-brand/calmo-host/main/img/figure/32%20Gato%20con%20flores%205.png,Gato con flores 5,32-6,https://raw.githubusercontent.com/calmo-brand/calmo-host/main/img/figure/32%20Gato%20con%20flores%206.png,Gato con flores 6
33,Africana con flor,https://raw.githubusercontent.com/calmo-brand/calmo-host/main/img/figure/33%20Africana%20con%20flor%20A.png|https://raw.githubusercontent.com/calmo-brand/calmo-host/main/img/figure/33%20Africana%20con%20flor%20B.png|https://raw.githubusercontent.com/calmo-brand/calmo-host/main/img/figure/33%20Africana%20con%20flor%20C.png|https://raw.githubusercontent.com/calmo-brand/calmo-host/main/img/figure/33%20Africana%20con%20flor%20D.png,,Africanas,plus,31x15x9cm,33-1,https://raw.githubusercontent.com/calmo-brand/calmo-host/main/img/figure/33%20Africana%20con%20flor%201.png,Africana con flor 1,33-2,https://raw.githubusercontent.com/calmo-brand/calmo-host/main/img/figure/33%20Africana%20con%20flor%202.png,Africana con flor 2,33-3,https://raw.githubusercontent.com/calmo-brand/calmo-host/main/img/figure/33%20Africana%20con%20flor%203.png,Africana con flor 3,33-4,https://raw.githubusercontent.com/calmo-brand/calmo-host/main/img/figure/33%20Africana%20con%20flor%204.png,Africana con flor 4,33-5,https://raw.githubusercontent.com/calmo-brand/calmo-host/main/img/figure/33%20Africana%20con%20flor%205.png,Africana con flor 5,33-6,https://raw.githubusercontent.com/calmo-brand/calmo-host/main/img/figure/33%20Africana%20con%20flor%206.png,Africana con flor 6
34,Africana con flores,https://raw.githubusercontent.com/calmo-brand/calmo-host/main/img/figure/34%20Africana%20con%20flores%20A.png|https://raw.githubusercontent.com/calmo-brand/calmo-host/main/img/figure/34%20Africana%20con%20flores%20B.png|https://raw.githubusercontent.com/calmo-brand/calmo-host/main/img/figure/34%20Africana%20con%20flores%20C.png|https://raw.githubusercontent.com/calmo-brand/calmo-host/main/img/figure/34%20Africana%20con%20flores%20D.png,,Africanas,plus,30x20x11cm,34-1,https://raw.githubusercontent.com/calmo-brand/calmo-host/main/img/figure/34%20Africana%20con%20flores%201.png,Africana con flores 1,34-2,https://raw.githubusercontent.com/calmo-brand/calmo-host/main/img/figure/34%20Africana%20con%20flores%202.png,Africana con flores 2,34-3,https://raw.githubusercontent.com/calmo-brand/calmo-host/main/img/figure/34%20Africana%20con%20flores%203.png,Africana con flores 3,34-4,https://raw.githubusercontent.com/calmo-brand/calmo-host/main/img/figure/34%20Africana%20con%20flores%204.png,Africana con flores 4,34-5,https://raw.githubusercontent.com/calmo-brand/calmo-host/main/img/figure/34%20Africana%20con%20flores%205.png,Africana con flores 5,34-6,https://raw.githubusercontent.com/calmo-brand/calmo-host/main/img/figure/34%20Africana%20con%20flores%206.png,Africana con flores 6
35,Bugs Bunny,https://raw.githubusercontent.com/calmo-brand/calmo-host/main/img/figure/35%20Bugs%20Bunny%20A.png|https://raw.githubusercontent.com/calmo-brand/calmo-host/main/img/figure/35%20Bugs%20Bunny%20B.png|https://raw.githubusercontent.com/calmo-brand/calmo-host/main/img/figure/35%20Bugs%20Bunny%20C.png|https://raw.githubusercontent.com/calmo-brand/calmo-host/main/img/figure/35%20Bugs%20Bunny%20D.png,,Animados,plus,28x13x9cm,35-1,https://raw.githubusercontent.com/calmo-brand/calmo-host/main/img/figure/35%20Bugs%20Bunny%201.png,Bugs Bunny 1,35-2,https://raw.githubusercontent.com/calmo-brand/calmo-host/main/img/figure/35%20Bugs%20Bunny%202.png,Bugs Bunny 2,35-3,https://raw.githubusercontent.com/calmo-brand/calmo-host/main/img/figure/35%20Bugs%20Bunny%203.png,Bugs Bunny 3,35-4,https://raw.githubusercontent.com/calmo-brand/calmo-host/main/img/figure/35%20Bugs%20Bunny%204.png,Bugs Bunny 4,35-5,https://raw,Bugs Bunny 5,35-6,https://raw.githubusercontent.com/calmo-brand/calmo-host/main/img/figure/35%20Bugs%20Bunny%206.png,Bugs Bunny 6
36,Kaws,https://raw.githubusercontent.com/calmo-brand/calmo-host/main/img/figure/36%20Kaws%20A.png|https://raw.githubusercontent.com/calmo-brand/calmo-host/main/img/figure/36%20Kaws%20B.png|https://raw.githubusercontent.com/calmo-brand/calmo-host/main/img/figure/36%20Kaws%20C.png|https://raw.githubusercontent.com/calmo-brand/calmo-host/main/img/figure/36%20Kaws%20D.png,,Animados,plus,28x14x8cm,36-1,https://raw.githubusercontent.com/calmo-brand/calmo-host/main/img/figure/36%20Kaws%201.png,Kaws 1,36-2,https://raw.githubusercontent.com/calmo-brand/calmo-host/main/img/figure/36%20Kaws%202.png,Kaws 2,36-3,https://raw.githubusercontent.com/calmo-brand/calmo-host/main/img/figure/36%20Kaws%203.png,Kaws 3,36-4,https://raw.githubusercontent.com/calmo-brand/calmo-host/main/img/figure/36%20Kaws%204.png,Kaws 4,36-5,,Kaws 5,36-6,https://raw.githubusercontent.com/calmo-brand/calmo-host/main/img/figure/36%20Kaws%206.png,Kaws 6
37,Catrina mujer,https://raw.githubusercontent.com/calmo-brand/calmo-host/main/img/figure/37%20Catrina%20mujer%20A.png|https://raw.githubusercontent.com/calmo-brand/calmo-host/main/img/figure/37%20Catrina%20mujer%20B.png|https://raw.githubusercontent.com/calmo-brand/calmo-host/main/img/figure/37%20Catrina%20mujer%20C.png|https://raw.githubusercontent.com/calmo-brand/calmo-host/main/img/figure/37%20Catrina%20mujer%20D.png,,Religioso,plus,32x10x9cm,37-1,https://raw.githubusercontent.com/calmo-brand/calmo-host/main/img/figure/37%20Catrina%20mujer%201.png,Catrina mujer 1,37-2,https://raw.githubusercontent.com/calmo-brand/calmo-host/main/img/figure/37%20Catrina%20mujer%202.png,Catrina mujer 2,37-3,https://raw.githubusercontent.com/calmo-brand/calmo-host/main/img/figure/37%20Catrina%20mujer%203.png,Catrina mujer 3,37-4,https://raw.githubusercontent.com/calmo-brand/calmo-host/main/img/figure/37%20Catrina%20mujer%204.png,Catrina mujer 4,37-5,,Catrina mujer 5,37-6,https://raw.githubusercontent.com/calmo-brand/calmo-host/main/img/figure/37%20Catrina%20mujer%206.png,Catrina mujer 6
38,Catrina hombre,https://raw.githubusercontent.com/calmo-brand/calmo-host/main/img/figure/38%20Catrina%20hombre%20A.png|https://raw.githubusercontent.com/calmo-brand/calmo-host/main/img/figure/38%20Catrina%20hombre%20B.png|https://raw.githubusercontent.com/calmo-brand/calmo-host/main/img/figure/38%20Catrina%20hombre%20C.png|https://raw.githubusercontent.com/calmo-brand/calmo-host/main/img/figure/38%20Catrina%20hombre%20D.png,,Religioso,plus,32x11x7cm,38-1,https://raw.githubusercontent.com/calmo-brand/calmo-host/main/img/figure/38%20Catrina%20hombre%201.png,Catrina hombre 1,38-2,https://raw.githubusercontent.com/calmo-brand/calmo-host/main/img/figure/38%20Catrina%20hombre%202.png,Catrina hombre 2,38-3,https://raw.githubusercontent.com/calmo-brand/calmo-host/main/img/figure/38%20Catrina%20hombre%203.png,Catrina hombre 3,38-4,https://raw.githubusercontent.com/calmo-brand/calmo-host/main/img/figure/38%20Catrina%20hombre%204.png,Catrina hombre 4,38-5,,Catrina hombre 5,38-6,https://raw.githubusercontent.com/calmo-brand/calmo-host/main/img/figure/38%20Catrina%20hombre%206.png,Catrina hombre 6
39,Gokú Genkidama,https://raw.githubusercontent.com/calmo-brand/calmo-host/main/img/figure/39%20Goku%20Genkidama%20A.png|https://raw.githubusercontent.com/calmo-brand/calmo-host/main/img/figure/39%20Goku%20Genkidama%20B.png|https://raw.githubusercontent.com/calmo-brand/calmo-host/main/img/figure/39%20Goku%20Genkidama%20C.png|https://raw.githubusercontent.com/calmo-brand/calmo-host/main/img/figure/39%20Goku%20Genkidama%20D.png,,Animados,plus,35x13x9cm,39-1,https://raw.githubusercontent.com/calmo-brand/calmo-host/main/img/figure/39%20Goku%20Genkidama%201.png,Gokú Genkidama 1,39-2,https://raw.githubusercontent.com/calmo-brand/calmo-host/main/img/figure/39%20Goku%20Genkidama%202.png,Gokú Genkidama 2,39-3,https://raw.githubusercontent.com/calmo-brand/calmo-host/main/img/figure/39%20Goku%20Genkidama%203.png,Gokú Genkidama 3,39-4,https://raw.githubusercontent.com/calmo-brand/calmo-host/main/img/figure/39%20Goku%20Genkidama%204.png,Gokú Genkidama 4,39-5,,Gokú Genkidama 5,39-6,https://raw.githubusercontent.com/calmo-brand/calmo-host/main/img/figure/39%20Goku%20Genkidama%206.png,Gokú Genkidama 6
40,Tio Rico,https://raw.githubusercontent.com/calmo-brand/calmo-host/main/img/figure/40%20Tio%20Rico%20A.png|https://raw.githubusercontent.com/calmo-brand/calmo-host/main/img/figure/40%20Tio%20Rico%20B.png|https://raw.githubusercontent.com/calmo-brand/calmo-host/main/img/figure/40%20Tio%20Rico%20C.png|https://raw.githubusercontent.com/calmo-brand/calmo-host/main/img/figure/40%20Tio%20Rico%20D.png,,Animados,plus,32x19x15cm,40-1,https://raw.githubusercontent.com/calmo-brand/calmo-host/main/img/figure/40%20Tio%20Rico%201.png,Tio Rico 1,40-2,https://raw.githubusercontent.com/calmo-brand/calmo-host/main/img/figure/40%20Tio%20Rico%202.png,Tio Rico 2,40-3,https://raw.githubusercontent.com/calmo-brand/calmo-host/main/img/figure/40%20Tio%20Rico%203.png,Tio Rico 3,40-4,https://raw.githubusercontent.com/calmo-brand/calmo-host/main/img/figure/40%20Tio%20Rico%204.png,Tio Rico 4,40-5,,Tio Rico 5,40-6,https://raw.githubusercontent.com/calmo-brand/calmo-host/main/img/figure/40%20Tio%20Rico%206.png,Tio Rico 6
41,Gokú,https://raw.githubusercontent.com/calmo-brand/calmo-host/main/img/figure/41%20Goku%20A.png|https://raw.githubusercontent.com/calmo-brand/calmo-host/main/img/figure/41%20Goku%20B.png|https://raw.githubusercontent.com/calmo-brand/calmo-host/main/img/figure/41%20Goku%20C.png|https://raw.githubusercontent.com/calmo-brand/calmo-host/main/img/figure/41%20Goku%20D.png,,Animados,plus,39x18x10cm,41-1,https://raw.githubusercontent.com/calmo-brand/calmo-host/main/img/figure/41%20Goku%201.png,Gokú 1,41-2,https://raw.githubusercontent.com/calmo-brand/calmo-host/main/img/figure/41%20Goku%202.png,Gokú 2,41-3,https://raw.githubusercontent.com/calmo-brand/calmo-host/main/img/figure/41%20Goku%203.png,Gokú 3,41-4,https://raw.githubusercontent.com/calmo-brand/calmo-host/main/img/figure/41%20Goku%204.png,Gokú 4,41-5,,Gokú 5,41-6,https://raw.githubusercontent.com/calmo-brand/calmo-host/main/img/figure/41%20Goku%206.png,Gokú 6
42,Jarrón circular,https://raw.githubusercontent.com/calmo-brand/calmo-host/main/img/figure/42%20Jarron%20circular%20A.png|https://raw.githubusercontent.com/calmo-brand/calmo-host/main/img/figure/42%20Jarron%20circular%20B.png|https://raw.githubusercontent.com/calmo-brand/calmo-host/main/img/figure/42%20Jarron%20circular%20C.png|https://raw.githubusercontent.com/calmo-brand/calmo-host/main/img/figure/42%20Jarron%20circular%20D.png,,Jarrones,extra,23x21x7cm,42-1,https://raw.githubusercontent.com/calmo-brand/calmo-host/main/img/figure/42%20Jarron%20circular%201.png,Jarrón circular 1,42-2,https://raw.githubusercontent.com/calmo-brand/calmo-host/main/img/figure/42%20Jarron%20circular%202.png,Jarrón circular 2,42-3,https://raw.githubusercontent.
